Joshua,joshuaaptroot@googlemail.com,sfafssdf
Joshua,joshuaaptroot@googlemail.com,hehdhe
joshua,joshuaaptroot@googlemail.com,message
joshua,joshuaaptroot@googlemail.com,dhdhd
Joshua,joshuaaptroot@googlemail.com,bdfhjadf
Joshua,joshuaaptroot@googlemail.com,hehehe
Joshua,joshuaaptroot@googlemail.com,EFASFSDF
Joshua,joshuaaptroot@googlemail.com,daEFFSEF
Joshua,joshuaaptroot@googlemail.com,bumface
Joshua,joshuaaptroot@googlemail.com,asFASEG
Josh,joshuaaptroot@googlemail.com,dahfsdf
Joshua,joshuaaptroot@googlemail.com,hdsafhasfh
Joshua,joshuaaptroot@googlemail.com,jdaffsd
Joshua,joshuaaptroot@googlemail.com,jdaffsd
Joshua,joshuaaptroot@googlemail.com,arWRER
Joshua,joshuaaptroot@googlemail.com,fasfsfd
Joshua,joshuaaptroot@googlemail.com,hi hows it going 
Joshua Aptroot,joshuaaptroot@googlemail.com,hgfkhgfljhgjkhbjhvhbhbkhb
Mollie,MOLLIE@POO.COM,SDAGSGASDGSDG
Freddie,freddie@gumball.com,safsdfsd
Joshua Aptroot,joshuaaptroot@googlemail.com,gsdfgsgjdghdfcjhgfhjggfh
Joshua Aptroot,joshuaaptroot@googlemail.com,drarhggfh
Karen,Karen@karen.com,can you help me with a project
